url,repo_name,watchers,stars,forks,commits,branches,releases,contributors
https://github.com/0x5e/wechat-deleted-friends,wechat-deleted-friends,239,4847,1728,79,1,0,16
https://github.com/10se1ucgo/DisableWinTracking,DisableWinTracking,297,4096,268,241,2,27,20
https://github.com/3b1b/manim,manim,172,2957,364,1,59,6,0
https://github.com/521xueweihan/HelloGitHub,HelloGitHub,454,3810,450,79,1,0,4
https://github.com/a1studmuffin/SpaceshipGenerator,SpaceshipGenerator,198,4676,193,29,1,3,3
https://github.com/adobe-fonts/source-code-pro,source-code-pro,646,12169,1067,337,4,17,19
https://github.com/ageitgey/face_recognition,face_recognition,635,10874,2230,102,5,1,11
https://github.com/aio-libs/aiohttp,aiohttp,203,4601,771,5,546,15,142
https://github.com/airbnb/knowledge-repo,knowledge-repo,188,2570,298,318,10,19,26
https://github.com/ajalt/fuckitpy,fuckitpy,83,2717,118,47,1,0,7
https://github.com/ajenti/ajenti,ajenti,274,5035,582,2,593,4,135
https://github.com/AlessandroZ/LaZagne,LaZagne,320,2959,701,241,1,15,16
https://github.com/alexjc/neural-doodle,neural-doodle,300,8324,697,122,5,1,3
https://github.com/alexjc/neural-enhance,neural-enhance,317,7717,726,102,3,3,10
https://github.com/amoffat/sh,sh,145,4297,342,1,29,7,46
https://github.com/amperser/proselint,proselint,55,2620,118,1,149,63,25
https://github.com/amueller/word_cloud,word_cloud,159,3527,1047,284,28,5,28
https://github.com/andymccurdy/redis-py,redis-py,336,5799,1403,1,22,6,28
https://github.com/anishathalye/neural-style,neural-style,200,3456,1016,59,2,0,7
https://github.com/ansible/ansible,ansible,1841,28291,10202,35,727,38,192
https://github.com/ansible/awx,awx,241,3315,479,16,42,16,4
https://github.com/apache/incubator-airflow,incubator-airflow,496,7144,2159,4,502,6,90
https://github.com/apache/incubator-mxnet,incubator-mxnet,1116,12993,4779,6,625,7,40
https://github.com/apache/incubator-superset,incubator-superset,950,17900,2898,2,710,73,99
https://github.com/apenwarr/sshuttle,sshuttle,388,9022,761,414,3,25,31
https://github.com/apprenticeharper/DeDRM_tools,DeDRM_tools,311,3639,336,256,4,71,10
https://github.com/arielf/weight-loss,weight-loss,106,3042,132,185,2,0,2
https://github.com/asciimoo/searx,searx,177,2650,384,2,334,12,10
https://github.com/asciinema/asciinema,asciinema,88,3250,234,619,19,19,23
https://github.com/astorfi/TensorFlow-World,TensorFlow-World,146,3729,299,658,1,1,7
https://github.com/audreyr/cookiecutter,cookiecutter,192,6385,724,2,417,13,24
https://github.com/avinassh/rockstar,rockstar,100,3140,222,150,1,0,38
https://github.com/awentzonline/image-analogies,image-analogies,128,3120,239,125,4,1,5
https://github.com/aws/aws-cli,aws-cli,478,5983,1151,5,534,10,476
https://github.com/aws/chalice,chalice,213,3860,348,965,7,23,48
https://github.com/awslabs/aws-shell,aws-shell,188,3585,231,224,16,5,9
https://github.com/aziz/PlainTasks,PlainTasks,112,2803,258,338,1,0,31
https://github.com/b-ryan/powerline-shell,powerline-shell,139,3624,524,499,4,9,63
https://github.com/beetbox/beets,beets,349,6926,1161,8,27,33,51
https://github.com/belluzj/fantasque-sans,fantasque-sans,123,3497,86,178,13,27,6
https://github.com/benoitc/gunicorn,gunicorn,239,4518,913,2,523,10,78
https://github.com/binux/pyspider,pyspider,826,10703,2745,926,5,12,41
https://github.com/bitcoinbook/bitcoinbook,bitcoinbook,638,7526,1986,3,140,1,5
https://github.com/bokeh/bokeh,bokeh,357,7171,1839,16,723,22,52
https://github.com/boto/boto,boto,308,6051,2217,7,131,14,88
https://github.com/boto/boto3,boto3,170,2983,597,1,71,6,72
https://github.com/bottlepy/bottle,bottle,308,5202,1065,1,767,21,70
https://github.com/buildbot/buildbot,buildbot,195,3270,1199,17,35,6,108
https://github.com/bup/bup,bup,249,5372,345,1,548,19,68
https://github.com/burnash/gspread,gspread,137,3024,482,456,4,15,43
https://github.com/celery/celery,celery,389,8674,2486,10,507,42,168
https://github.com/certbot/certbot,certbot,855,20950,1963,8,160,262,49
https://github.com/chainer/chainer,chainer,300,3459,918,12,573,20,58
https://github.com/channelcat/sanic,sanic,400,8495,777,1,601,9,20
https://github.com/Chaosthebot/Chaos,Chaos,116,2506,267,604,1,0,82
https://github.com/chinese-poetry/chinese-poetry,chinese-poetry,130,3818,464,65,1,1,4
https://github.com/chiphuyen/stanford-tensorflow-tutorials,stanford-tensorflow-tutorials,417,5107,2244,97,1,0,1
https://github.com/chrippa/livestreamer,livestreamer,230,3575,597,1,474,2,35
https://github.com/chrisallenlane/cheat,cheat,183,3936,474,822,1,40,103
https://github.com/chriskiehl/Gooey,Gooey,196,5502,313,502,14,0,46
https://github.com/chrissimpkins/codeface,codeface,186,4389,323,604,2,2,12
https://github.com/chubin/wttr.in,wttr.in,151,4455,281,206,1,0,33
https://github.com/clips/pattern,pattern,553,6039,1162,968,4,1,
https://github.com/cloudera/hue,hue,330,2700,1130,14,122,211,134
https://github.com/cloudtools/troposphere,troposphere,165,2499,737,1,327,39,44
https://github.com/ClusterHQ/flocker,flocker,179,2950,265,19,142,340,80
https://github.com/codelucas/newspaper,newspaper,260,5836,943,602,2,17,71
https://github.com/coleifer/peewee,peewee,175,4818,865,3,206,9,109
https://github.com/commaai/research,research,386,3557,1050,36,2,0,13
https://github.com/commonmark/CommonMark,CommonMark,148,3584,216,1,697,4,23
https://github.com/CouchPotato/CouchPotatoServer,CouchPotatoServer,308,3213,1336,5,169,10,27
https://github.com/coursera-dl/coursera-dl,coursera-dl,311,5985,1544,1,43,5,16
https://github.com/crazyguitar/pysheeet,pysheeet,140,2902,306,292,1,0,15
https://github.com/crsmithdev/arrow,arrow,141,4806,398,793,5,20,144
https://github.com/cyrus-and/gdb-dashboard,gdb-dashboard,185,4298,310,196,1,11,7
https://github.com/cython/cython,cython,193,2848,631,13,183,18,125
https://github.com/dae/anki,anki,254,2897,551,1,686,1,0
https://github.com/DanMcInerney/wifijammer,wifijammer,199,2487,518,79,2,0,
https://github.com/darknessomi/musicbox,musicbox,263,5305,1160,545,4,8,37
https://github.com/david-gpu/srez,srez,186,4685,545,22,1,0,3
https://github.com/davidhalter/jedi,jedi,119,3099,264,5,537,1,11
https://github.com/davidsandberg/facenet,facenet,300,3345,1426,536,3,0,28
https://github.com/dbader/schedule,schedule,162,4043,394,242,1,21,21
https://github.com/dbcli/mycli,mycli,184,5308,308,1,248,7,25
https://github.com/dbcli/pgcli,pgcli,127,6437,290,1,776,11,47
https://github.com/deepmind/learning-to-learn,learning-to-learn,210,3366,450,19,3,0,5
https://github.com/deepmind/pysc2,pysc2,283,4053,529,45,2,3,7
https://github.com/deepmind/sonnet,sonnet,414,6060,785,240,2,16,17
https://github.com/deis/deis,deis,289,6080,873,5,797,1,68
https://github.com/dennybritz/cnn-text-classification-tf,cnn-text-classification-tf,209,2774,1529,74,1,0,11
https://github.com/detailyang/awesome-cheatsheet,awesome-cheatsheet,212,4178,585,368,1,0,62
https://github.com/diafygi/acme-tiny,acme-tiny,171,3688,402,93,3,0,18
https://github.com/digitalocean/netbox,netbox,332,3327,552,1,983,5,73
https://github.com/divio/django-cms,django-cms,366,5553,2052,15,707,12,112
https://github.com/django-crispy-forms/django-crispy-forms,django-crispy-forms,136,3062,548,1,448,10,29
https://github.com/django-extensions/django-extensions,django-extensions,103,3525,768,2,491,4,80
https://github.com/django-oscar/django-oscar,django-oscar,233,2939,1173,7,515,32,90
https://github.com/django-tastypie/django-tastypie,django-tastypie,145,3313,1117,1,248,16,25
https://github.com/django/channels,channels,161,2658,361,908,3,45,134
https://github.com/django/django,django,1914,31611,13372,25,423,44,179
https://github.com/Dman95/SASM,SASM,4217,5668,81,272,2,19,9
https://github.com/docker/compose,compose,548,11769,1875,4,687,15,102
https://github.com/docker/docker-py,docker-py,180,2739,1012,2,443,14,80
https://github.com/docker/docker-registry,docker-registry,204,2761,885,1,205,13,29
https://github.com/docopt/docopt,docopt,182,5708,457,445,8,11,28
https://github.com/donnemartin/awesome-aws,awesome-aws,311,5230,458,437,2,1,38
https://github.com/donnemartin/data-science-ipython-notebooks,data-science-ipython-notebooks,1151,11613,3189,540,2,0,8
https://github.com/donnemartin/dev-setup,dev-setup,150,3338,619,348,2,0,10
https://github.com/donnemartin/gitsome,gitsome,119,5502,264,985,2,4,24
https://github.com/donnemartin/haxor-news,haxor-news,48,2508,116,615,2,8,5
https://github.com/donnemartin/interactive-coding-challenges,interactive-coding-challenges,560,12085,1554,766,2,0,37
https://github.com/donnemartin/saws,saws,109,3491,163,715,2,10,7
https://github.com/donnemartin/system-design-primer,system-design-primer,1370,22914,2855,190,2,0,32
https://github.com/drduh/macOS-Security-and-Privacy-Guide,macOS-Security-and-Privacy-Guide,621,12731,839,431,1,0,53
https://github.com/dropbox/pyston,pyston,275,4378,298,5,0,2,9
https://github.com/dschep/ntfy,ntfy,73,3084,125,555,4,41,
https://github.com/edx/edx-platform,edx-platform,376,3530,1992,45,40,1,794
https://github.com/eliangcs/http-prompt,http-prompt,178,6763,237,343,3,21,
https://github.com/Eloston/ungoogled-chromium,ungoogled-chromium,146,3388,125,459,2,22,18
https://github.com/emre/storm,storm,87,3089,141,334,8,6,20
https://github.com/encode/apistar,apistar,165,3376,235,609,2,42,58
https://github.com/encode/django-rest-framework,django-rest-framework,453,9710,3137,7,670,10,106
https://github.com/EpistasisLab/tpot,tpot,222,3598,573,1,747,4,10
https://github.com/equinusocio/material-theme,material-theme,251,10244,719,1,449,5,90
https://github.com/eriklindernoren/ML-From-Scratch,ML-From-Scratch,437,7741,1010,362,1,0,
https://github.com/eudicots/Cactus,Cactus,131,3170,304,667,8,15,42
https://github.com/euske/pdfminer,pdfminer,178,2622,785,513,1,0,18
https://github.com/explosion/spaCy,spaCy,393,8136,1213,8,147,17,50
https://github.com/fabric/fabric,fabric,491,9580,1547,3,771,8,107
https://github.com/facebook/augmented-traffic-control,augmented-traffic-control,262,3834,536,237,13,7,11
https://github.com/facebook/chisel,chisel,282,6540,572,375,3,9,42
https://github.com/facebook/PathPicker,PathPicker,131,3671,234,506,2,10,
https://github.com/facebook/prophet,prophet,246,4761,875,204,2,4,30
https://github.com/facebookarchive/huxley,huxley,221,4097,298,68,1,0,
https://github.com/facebookresearch/Detectron,Detectron,504,10355,1484,26,1,0,4
https://github.com/facebookresearch/ParlAI,ParlAI,184,2846,459,788,22,0,41
https://github.com/facebookresearch/visdom,visdom,127,3604,394,121,5,0,34
https://github.com/faif/python-patterns,python-patterns,1311,14136,3279,495,1,0,74
https://github.com/fail2ban/fail2ban,fail2ban,209,2877,567,4,622,28,218
https://github.com/falconry/falcon,falcon,269,4803,510,1,360,8,42
https://github.com/fastmonkeys/stellar,stellar,87,3428,100,187,4,0,
https://github.com/fchollet/deep-learning-models,deep-learning-models,179,3029,819,22,1,9,2
https://github.com/flask-admin/flask-admin,flask-admin,128,2688,830,2,290,7,15
https://github.com/flask-restful/flask-restful,flask-restful,163,3386,596,802,3,28,123
https://github.com/floydhub/dl-docker,dl-docker,146,2554,579,51,1,0,8
https://github.com/fogleman/Minecraft,Minecraft,227,3583,808,59,2,0,10
https://github.com/frappe/erpnext,erpnext,390,2808,1461,21,338,22,620
https://github.com/fxsjy/jieba,jieba,1043,12030,3521,490,2,24,31
https://github.com/Gallopsled/pwntools,pwntools,240,3539,726,3,262,3,66
https://github.com/gaubert/gmvault,gmvault,77,3090,211,1,95,6,14
https://github.com/geekcomputers/Python,Python,992,4727,3801,598,1,0,122
https://github.com/gelstudios/gitfiti,gitfiti,75,3690,283,110,1,0,14
https://github.com/getpelican/pelican,pelican,370,7638,1478,2,832,11,44
https://github.com/getredash/redash,redash,406,8398,1260,5,168,9,281
https://github.com/getsentry/sentry,sentry,568,15573,1867,20,237,331,331
https://github.com/gevent/gevent,gevent,269,3912,746,4,523,6,61
https://github.com/giampaolo/psutil,psutil,188,3352,549,4,773,43,62
https://github.com/gleitz/howdoi,howdoi,210,6116,557,286,1,0,31
https://github.com/gnemoug/distribute_crawler,distribute_crawler,350,2601,1469,17,1,0,1
https://github.com/gongjianhui/AppleDNS,AppleDNS,158,2583,357,186,4,0,9
https://github.com/google/grr,grr,333,2480,440,992,8,8,27
https://github.com/google/python-fire,python-fire,273,8350,443,52,4,3,18
https://github.com/google/roboto,roboto,160,2977,255,502,4,8,12
https://github.com/google/seq2seq,seq2seq,212,3397,736,880,12,0,16
https://github.com/google/yapf,yapf,198,6645,447,813,4,52,67
https://github.com/gorakhargosh/watchdog,watchdog,135,2841,388,1,109,5,22
https://github.com/graphql-python/graphene,graphene,118,2892,311,1,291,7,34
https://github.com/gregmalcolm/python_koans,python_koans,290,3270,1782,324,5,0,66
https://github.com/gunthercox/ChatterBot,ChatterBot,383,5235,1838,1,475,8,63
https://github.com/hackerkid/Mind-Expanding-Books,Mind-Expanding-Books,134,3069,328,260,2,0,66
https://github.com/harelba/q,q,143,4646,219,278,7,20,14
https://github.com/HelloZeroNet/ZeroNet,ZeroNet,761,11024,1415,1,916,2,18
https://github.com/Hironsan/BossSensor,BossSensor,259,4737,850,59,1,0,3
https://github.com/home-assistant/home-assistant,home-assistant,698,12410,3570,12,138,16,162
https://github.com/honza/vim-snippets,vim-snippets,95,2495,1380,2,21,3,1
https://github.com/houtianze/bypy,bypy,276,3506,861,469,2,50,
https://github.com/humphd/have-fun-with-machine-learning,have-fun-with-machine-learning,195,4511,422,87,2,0,6
https://github.com/i-tu/Hasklig,Hasklig,91,2977,76,204,2,13,25
https://github.com/ibab/tensorflow-wavenet,tensorflow-wavenet,254,3260,699,194,15,0,31
https://github.com/idank/explainshell,explainshell,161,5315,354,256,1,0,13
https://github.com/iovisor/bcc,bcc,304,4180,626,2,352,26,13
https://github.com/ipython/ipython,ipython,847,12412,3546,22,998,13,73
https://github.com/isnowfy/snownlp,snownlp,293,2814,802,55,1,0,7
https://github.com/isocpp/CppCoreGuidelines,CppCoreGuidelines,1642,16635,2098,1,529,7,4
https://github.com/JakeWharton/pidcat,pidcat,120,3308,374,145,1,10,32
https://github.com/jakubroztocil/httpie,httpie,968,33915,2315,964,2,29,68
https://github.com/jasperproject/jasper-client,jasper-client,287,3922,969,453,3,0,14
https://github.com/jayfk/statuspage,statuspage,41,3516,157,188,8,14,10
https://github.com/jazzband/django-debug-toolbar,django-debug-toolbar,110,4592,773,1,600,13,33
https://github.com/jazzband/pip-tools,pip-tools,79,2573,258,880,1,59,79
https://github.com/jeanphix/Ghost.py,Ghost.py,122,2675,380,598,7,12,50
https://github.com/jeffkaufman/icdiff,icdiff,65,2567,120,127,1,29,27
https://github.com/jhao104/proxy_pool,proxy_pool,177,2469,773,194,1,2,12
https://github.com/jisaacks/GitGutter,GitGutter,87,3663,228,646,3,30,86
https://github.com/jmcarp/robobrowser,robobrowser,119,3025,244,103,2,6,9
https://github.com/joestump/python-oauth2,python-oauth2,220,2707,1008,335,4,152,29
https://github.com/joke2k/faker,faker,149,5593,682,1,702,4,47
https://github.com/jonathanslenders/python-prompt-toolkit,python-prompt-toolkit,129,4118,266,1,805,14,14
https://github.com/jopohl/urh,urh,224,2925,248,2,371,3,47
https://github.com/jorgebastida/glue,glue,68,2565,191,468,15,29,20
https://github.com/josephmisiti/awesome-machine-learning,awesome-machine-learning,2747,30179,7403,1,5,2,0
https://github.com/JuanPotato/Legofy,Legofy,77,2860,158,184,1,0,
https://github.com/junyanz/iGAN,iGAN,131,2553,341,37,2,0,1
https://github.com/junyanz/pytorch-CycleGAN-and-pix2pix,pytorch-CycleGAN-and-pix2pix,131,3304,673,165,1,0,21
https://github.com/jupyter/jupyter,jupyter,301,3542,804,446,2,0,35
https://github.com/jupyterhub/jupyterhub,jupyterhub,187,2749,623,2,442,4,20
https://github.com/jwilder/nginx-proxy,nginx-proxy,261,7251,1456,506,2,6,66
https://github.com/kachayev/fn.py,fn.py,135,2542,158,241,2,0,16
https://github.com/kamyu104/LeetCode,LeetCode,337,3297,1461,4,906,1,0
https://github.com/karpathy/neuraltalk,neuraltalk,445,4590,1177,33,1,0,6
https://github.com/kemayo/sublime-text-git,sublime-text-git,115,2752,379,542,3,9,69
https://github.com/kennethreitz/httpbin,httpbin,182,5484,867,714,5,29,84
https://github.com/kennethreitz/legit,legit,79,4599,191,392,2,7,40
https://github.com/kennethreitz/osx-gcc-installer,osx-gcc-installer,147,3074,206,54,1,1,10
https://github.com/kennethreitz/records,records,137,3982,295,280,1,10,28
https://github.com/kennethreitz/tablib,tablib,121,2812,424,936,2,36,72
https://github.com/keon/algorithms,algorithms,500,10462,1558,297,3,0,45
https://github.com/keras-team/keras,keras,1516,25209,9226,4,329,6,38
https://github.com/KeyboardFire/mkcast,mkcast,54,3248,56,42,1,0,
https://github.com/Kinto/kinto,kinto,108,3396,265,5,701,13,147
https://github.com/kivy/kivy,kivy,491,7057,1660,11,2,54,26
https://github.com/kivy/python-for-android,python-for-android,304,4411,865,2,241,32,2
https://github.com/kohimiruku/Awesome-Linux-Software,Awesome-Linux-Software,360,8725,721,873,1,0,143
https://github.com/kootenpv/whereami,whereami,79,2952,187,85,1,0,10
https://github.com/kovidgoyal/calibre,calibre,274,3941,812,36,228,2,176
https://github.com/kstenerud/iOS-Universal-Framework,iOS-Universal-Framework,218,2945,513,92,4,2,9
https://github.com/kubeflow/kubeflow,kubeflow,142,2521,245,120,1,0,30
https://github.com/larsenwork/monoid,monoid,108,4936,119,425,7,2,10
https://github.com/Lasagne/Lasagne,Lasagne,218,3358,910,1,138,2,1
https://github.com/lauris/awesome-scala,awesome-scala,648,5633,878,688,1,0,193
https://github.com/LazoCoder/Pokemon-Terminal,Pokemon-Terminal,40,2700,120,364,1,1,14
https://github.com/lbryio/lbry,lbry,146,3680,210,3,226,61,328
https://github.com/lebinh/ngxtop,ngxtop,209,4824,339,39,1,1,8
https://github.com/lektor/lektor,lektor,91,2609,185,541,10,14,59
https://github.com/lengstrom/fast-style-transfer,fast-style-transfer,250,5365,1165,52,1,0,12
https://github.com/lisa-lab/DeepLearningTutorials,DeepLearningTutorials,405,3233,1885,1,1,1,0
https://github.com/lisa-lab/pylearn2,pylearn2,280,2542,1057,7,119,2,7
https://github.com/littlecodersh/ItChat,ItChat,558,8862,2276,183,2,34,13
https://github.com/liuwons/wxBot,wxBot,349,3537,1338,165,3,1,19
https://github.com/livid/v2ex,v2ex,162,2636,492,302,1,0,8
https://github.com/localstack/localstack,localstack,332,10516,554,585,28,4,64
https://github.com/locustio/locust,locust,337,6819,985,1,88,24,16
https://github.com/lra/mackup,mackup,146,6795,592,1,759,2,44
https://github.com/maebert/jrnl,jrnl,94,2880,258,590,4,14,36
https://github.com/MagicStack/uvloop,uvloop,210,4392,245,680,5,53,17
https://github.com/mahmoud/boltons,boltons,115,3102,177,1,182,1,33
https://github.com/mail-in-a-box/mailinabox,mailinabox,277,6927,670,1,519,8,43
https://github.com/mailpile/Mailpile,Mailpile,438,7216,829,5,650,5,15
https://github.com/mantl/mantl,mantl,229,3002,460,3,404,22,35
https://github.com/martinblech/xmltodict,xmltodict,112,2794,268,187,1,28,23
https://github.com/matplotlib/matplotlib,matplotlib,500,6719,3161,24,343,7,66
https://github.com/matrix-org/synapse,synapse,150,2576,361,9,788,181,170
https://github.com/maxbbraun/trump2cash,trump2cash,228,4183,575,161,1,0,
https://github.com/mbadolato/iTerm2-Color-Schemes,iTerm2-Color-Schemes,229,7778,1956,423,2,0,66
https://github.com/mher/flower,flower,114,2740,489,1,119,9,19
https://github.com/michael-lazar/rtv,rtv,77,2650,138,1,375,8,40
https://github.com/midgetspy/Sick-Beard,Sick-Beard,230,3128,1891,3,978,19,41
https://github.com/miguelgrinberg/flasky,flasky,303,3821,2423,62,2,62,1
https://github.com/miloyip/game-programmer,game-programmer,468,5915,677,79,3,0,7
https://github.com/minimaxir/big-list-of-naughty-strings,big-list-of-naughty-strings,577,22628,920,204,1,0,52
https://github.com/Miserlou/Zappa,Zappa,232,6100,648,2,443,200,0
https://github.com/misterch0c/shadowbroker,shadowbroker,397,3055,2060,21,1,0,4
https://github.com/mitmproxy/mitmproxy,mitmproxy,390,9471,1339,7,376,8,43
https://github.com/mkdocs/mkdocs,mkdocs,190,5125,800,1,270,5,30
https://github.com/mnielsen/neural-networks-and-deep-learning,neural-networks-and-deep-learning,691,6166,3180,231,3,0,8
https://github.com/MobileChromeApps/mobile-chrome-apps,mobile-chrome-apps,230,2503,368,2,492,11,31
https://github.com/mooz/percol,percol,88,2475,122,401,10,8,
https://github.com/mopidy/mopidy,mopidy,221,4763,497,7,587,7,58
https://github.com/MorvanZhou/tutorials,tutorials,318,2697,1643,536,1,0,6
https://github.com/mps-youtube/mps-youtube,mps-youtube,168,3309,304,1,684,8,26
https://github.com/mwaskom/seaborn,seaborn,195,4583,692,2,10,8,13
https://github.com/n1nj4sec/pupy,pupy,396,3320,914,1,764,3,1
https://github.com/nate-parrott/Flashlight,Flashlight,223,5291,429,1,971,3,47
https://github.com/neozhaoliang/pywonderland,pywonderland,105,2579,202,10,1,0,
https://github.com/NervanaSystems/neon,neon,347,3401,768,1,110,4,35
https://github.com/networkx/networkx,networkx,221,3826,1127,5,462,3,50
https://github.com/Newmu/dcgan_code,dcgan_code,161,2625,526,20,2,0,2
https://github.com/newsapps/beeswithmachineguns,beeswithmachineguns,176,4446,458,249,2,2,32
https://github.com/nicolargo/glances,glances,418,9254,672,2,973,6,65
https://github.com/nltk/nltk,nltk,452,5937,1722,12,975,21,23
https://github.com/noamraph/tqdm,tqdm,76,2482,94,15,1,0,3
https://github.com/nodejs/node-gyp,node-gyp,211,3874,672,845,3,108,94
https://github.com/nryoung/algorithms,algorithms,194,2719,668,278,1,0,39
https://github.com/numba/numba,numba,171,2886,298,10,897,48,99
https://github.com/numenta/nupic,nupic,643,5466,1498,6,588,4,68
https://github.com/nvbn/thefuck,thefuck,691,33503,1660,1,453,8,76
https://github.com/nvdv/vprof,vprof,76,3099,134,576,1,16,11
https://github.com/nylas/sync-engine,sync-engine,164,3433,362,4,395,49,4
https://github.com/odoo/odoo,odoo,1288,8722,7594,114,786,29,78
https://github.com/omab/python-social-auth,python-social-auth,131,2724,1171,1,973,1,54
https://github.com/OmkarPathak/pygorithm,pygorithm,133,3196,294,400,2,4,
https://github.com/openai/baselines,baselines,286,3306,810,105,4,0,35
https://github.com/openai/gym,gym,705,10059,2289,773,44,4,94
https://github.com/openai/universe,universe,406,6560,722,209,22,2,23
https://github.com/orakaro/rainbowstream,rainbowstream,112,2554,236,688,2,3,25
https://github.com/p-e-w/maybe,maybe,143,6365,175,78,1,5,2
https://github.com/pallets/click,click,151,5320,500,969,7,32,101
https://github.com/pallets/flask,flask,1932,32980,10257,3,178,2,21
https://github.com/pallets/jinja,jinja,249,4900,972,1,781,5,30
https://github.com/pallets/werkzeug,werkzeug,206,3781,1141,3,497,6,52
https://github.com/pandas-dev/pandas,pandas,783,12800,4971,16,505,7,88
https://github.com/paramiko/paramiko,paramiko,288,4047,1094,2,958,14,143
https://github.com/pavelgonchar/colornet,colornet,133,3227,249,37,1,0,
https://github.com/pennersr/django-allauth,django-allauth,184,3570,1301,1,943,1,38
https://github.com/PeterDing/iScript,iScript,281,3503,980,494,1,0,5
https://github.com/phusion/baseimage-docker,baseimage-docker,260,6113,825,448,5,24,66
https://github.com/plasma-disassembler/plasma,plasma,151,2576,268,897,1,0,14
https://github.com/plotly/dash,dash,246,3908,360,457,4,4,14
https://github.com/plotly/plotly.py,plotly.py,188,3004,725,2,787,61,8
https://github.com/PokemonGoF/PokemonGo-Bot,PokemonGo-Bot,343,3651,1654,3,460,8,22
https://github.com/posativ/isso,isso,111,3003,233,952,13,38,48
https://github.com/powerline/powerline,powerline,278,8577,694,2,733,3,18
https://github.com/programthink/zhao,zhao,366,3746,1089,143,1,0,1
https://github.com/pudo/dataset,dataset,95,2995,187,519,5,7,
https://github.com/PyCQA/pycodestyle,pycodestyle,131,3071,504,1,59,11,34
https://github.com/pydanny/cookiecutter-django,cookiecutter-django,170,3380,1029,2,226,14,16
https://github.com/pyeve/eve,eve,251,4740,594,2,732,14,29
https://github.com/pyinstaller/pyinstaller,pyinstaller,193,3690,853,6,428,37,29
https://github.com/Pylons/pyramid,pyramid,173,2642,782,10,464,28,130
https://github.com/pymc-devs/pymc3,pymc3,219,2897,716,6,274,28,21
https://github.com/PyMySQL/PyMySQL,PyMySQL,198,3670,828,832,1,29,70
https://github.com/pypa/pip,pip,243,4137,1433,5,620,1,56
https://github.com/pypa/pipenv,pipenv,190,8322,451,2,725,6,214
https://github.com/pypa/virtualenv,virtualenv,144,2494,603,1,533,2,89
https://github.com/python-mode/python-mode,python-mode,286,3985,772,874,4,76,84
https://github.com/python-pillow/Pillow,Pillow,184,4526,947,7,3,23,51
https://github.com/python-telegram-bot/python-telegram-bot,python-telegram-bot,262,4090,915,1,737,22,53
https://github.com/python-visualization/folium,folium,137,2814,642,1,67,9,9
https://github.com/python/cpython,cpython,798,15931,4238,100,990,8,347
https://github.com/python/mypy,mypy,137,3401,430,6,565,14,22
https://github.com/pytorch/examples,examples,188,3338,1443,301,8,0,69
https://github.com/pytorch/pytorch,pytorch,666,12110,2515,6,357,10,14
https://github.com/quantopian/zipline,zipline,766,6398,2053,5,367,167,22
https://github.com/qutebrowser/qutebrowser,qutebrowser,150,3066,422,14,710,6,34
https://github.com/ranger/ranger,ranger,128,3084,264,3,533,12,45
https://github.com/RaRe-Technologies/gensim,gensim,386,6208,2440,3,543,8,51
https://github.com/RasaHQ/rasa_nlu,rasa_nlu,178,2565,679,1,758,23,34
https://github.com/rbgirshick/py-faster-rcnn,py-faster-rcnn,241,3731,2496,201,1,0,5
https://github.com/realpython/discover-flask,discover-flask,196,2967,417,147,1,29,3
https://github.com/reddit-archive/reddit,reddit,735,14325,2626,7,956,1,0
https://github.com/redecentralize/alternative-internet,alternative-internet,290,3026,343,500,5,0,116
https://github.com/ReFirmLabs/binwalk,binwalk,288,3114,491,1,35,1,4
https://github.com/reinderien/mimic,mimic,77,3345,103,86,1,0,
https://github.com/rembo10/headphones,headphones,234,2533,647,2,721,2,33
https://github.com/reorx/httpstat,httpstat,99,2976,182,79,6,4,2
https://github.com/requests/requests,requests,1204,30271,5570,5,345,9,131
https://github.com/reverse-shell/routersploit,routersploit,368,5132,821,657,4,5,47
https://github.com/rg3/youtube-dl,youtube-dl,1361,33704,6211,15,875,5,967
https://github.com/rmax/scrapy-redis,scrapy-redis,262,2841,1034,174,5,16,15
https://github.com/Rochester-NRT/RocAlphaGo,RocAlphaGo,966,8649,2473,420,8,0,15
https://github.com/RocketMap/RocketMap,RocketMap,290,2814,1736,1,623,1,6
https://github.com/rq/rq,rq,211,4457,870,1,311,7,44
https://github.com/rsms/inter,inter,137,4153,72,300,1,19,1
https://github.com/rtfd/readthedocs.org,readthedocs.org,189,4062,2128,8,14,232,7
https://github.com/rushter/data-science-blogs,data-science-blogs,374,4009,940,326,1,0,59
https://github.com/rushter/MLAlgorithms,MLAlgorithms,423,6457,989,89,1,0,13
https://github.com/Russell91/pythonpy,pythonpy,73,2666,136,299,1,4,14
https://github.com/s3tools/s3cmd,s3cmd,112,2541,671,1,590,11,32
https://github.com/saltstack/salt,salt,590,8544,3986,90,753,19,160
https://github.com/samshadwell/TrumpScript,TrumpScript,129,5698,314,235,3,0,34
https://github.com/samuelclay/NewsBlur,NewsBlur,250,4842,881,12,109,7,0
https://github.com/satwikkansal/wtfpython,wtfpython,235,5895,397,205,2,1,22
https://github.com/sb2nov/mac-setup,mac-setup,299,4751,690,416,2,1,64
https://github.com/schollz/howmanypeoplearearound,howmanypeoplearearound,90,3007,123,115,2,14,6
https://github.com/scikit-learn/scikit-learn,scikit-learn,2017,25502,13016,22,558,20,86
https://github.com/scipy/scipy,scipy,283,4083,2168,18,617,17,96
https://github.com/scrapy/scrapy,scrapy,1640,25587,6452,6,582,26,81
https://github.com/seatgeek/fuzzywuzzy,fuzzywuzzy,178,3913,429,333,1,22,50
https://github.com/shadowsocks/shadowsocks,shadowsocks,1860,23227,15019,1,2,18,1
https://github.com/ShangtongZhang/reinforcement-learning-an-introduction,reinforcement-learning-an-introduction,297,2831,1127,161,3,0,12
https://github.com/Shougo/deoplete.nvim,deoplete.nvim,89,2564,157,1,170,1,8
https://github.com/SirVer/ultisnips,ultisnips,94,3541,436,1,422,3,10
https://github.com/sivel/speedtest-cli,speedtest-cli,269,6151,876,225,15,22,8
https://github.com/sloria/TextBlob,TextBlob,239,4740,617,472,5,34,17
https://github.com/snare/voltron,voltron,142,4247,264,583,2,8,18
https://github.com/soimort/you-get,you-get,917,17270,3537,1,874,3,114
https://github.com/songrotek/Deep-Learning-Papers-Reading-Roadmap,Deep-Learning-Papers-Reading-Roadmap,1676,15841,3313,96,1,0,20
https://github.com/sovereign/sovereign,sovereign,233,6797,632,958,2,0,
https://github.com/spadgos/sublime-jsdocs,sublime-jsdocs,85,2942,291,515,3,55,29
https://github.com/spinnaker/spinnaker,spinnaker,314,4250,634,1,575,17,102
https://github.com/spotify/luigi,luigi,479,8561,1531,3,568,4,34
https://github.com/spyder-ide/spyder,spyder,221,2773,637,11,533,5,124
https://github.com/sqlmapproject/sqlmap,sqlmap,762,10583,2436,8,61,2,35
https://github.com/sshwsfc/xadmin,xadmin,227,2625,795,1,290,10,25
https://github.com/StackStorm/st2,st2,134,2490,323,14,467,130,45
https://github.com/statsmodels/statsmodels,statsmodels,219,2584,1159,9,729,15,19
https://github.com/stephenmcd/mezzanine,mezzanine,248,3353,1315,5,91,390,124
https://github.com/StevenBlack/hosts,hosts,444,8097,759,1,112,3,2
https://github.com/SublimeCodeIntel/SublimeCodeIntel,SublimeCodeIntel,178,4748,500,541,2,74,31
https://github.com/sublimehq/Packages,Packages,125,2671,363,2,665,1,58
https://github.com/Supervisor/supervisor,supervisor,207,4052,759,2,11,5,32
https://github.com/sylnsfar/qrcode,qrcode,140,3484,473,76,1,0,3
https://github.com/sympy/sympy,sympy,309,4587,2183,31,7,4,57
https://github.com/taigaio/taiga-back,taiga-back,269,3987,732,3,415,16,19
https://github.com/tangqiaoboy/iOSBlogCN,iOSBlogCN,481,4552,1267,77,1,0,9
https://github.com/taobao/nginx-book,nginx-book,526,3675,1413,245,2,0,27
https://github.com/tensorflow/magenta,magenta,690,8717,1565,675,1,19,61
https://github.com/tensorflow/models,models,1933,27952,15237,1,748,10,1
https://github.com/tensorflow/skflow,skflow,197,3135,455,548,3,1,
https://github.com/tensorlayer/tensorlayer,tensorlayer,396,3154,779,1,547,6,43
https://github.com/tflearn/tflearn,tflearn,434,7569,1774,586,8,7,109
https://github.com/tgalal/yowsup,yowsup,465,4951,1780,1,84,4,21
https://github.com/TheAlgorithms/Python,Python,415,3630,1567,535,4,0,105
https://github.com/Theano/Theano,Theano,569,7783,2389,27,931,3,30
https://github.com/thearn/webcam-pulse-detector,webcam-pulse-detector,174,2531,375,192,3,0,3
https://github.com/thumbor/thumbor,thumbor,192,5682,542,2,21,16,221
https://github.com/timgrossmann/InstaPy,InstaPy,184,3556,882,959,4,1,91
https://github.com/timothycrosley/hug,hug,153,4921,263,2,18,8,49
https://github.com/toddmotto/public-apis,public-apis,1138,32956,3050,1,680,2,0
https://github.com/tonybeltramelli/pix2code,pix2code,1280,8550,693,23,1,0,4
https://github.com/tornadoweb/tornado,tornado,1048,15127,4433,3,652,18,48
https://github.com/tqdm/tqdm,tqdm,106,5064,247,736,28,70,34
https://github.com/trustedsec/social-engineer-toolkit,social-engineer-toolkit,435,3239,1178,15,635,2,98
https://github.com/tschellenbach/Stream-Framework,Stream-Framework,209,3484,426,1,496,21,144
https://github.com/tweepy/tweepy,tweepy,251,4817,2163,1,85,1,27
https://github.com/Uberi/speech_recognition,speech_recognition,195,2626,878,326,3,45,32
https://github.com/ufoym/deepo,deepo,153,3517,307,8,1,2,1
https://github.com/ujjwalkarn/DataSciencePython,DataSciencePython,263,2929,810,105,1,0,5
https://github.com/Urinx/WeixinBot,WeixinBot,396,4394,1407,141,2,0,25
https://github.com/USArmyResearchLab/Dshell,Dshell,669,4980,1152,128,2,0,17
https://github.com/Valloric/YouCompleteMe,YouCompleteMe,575,15691,1783,2,237,4,0
https://github.com/vinta/awesome-python,awesome-python,3885,45112,8713,1,195,2,0
https://github.com/waditu/tushare,tushare,782,4944,2311,388,1,1,22
https://github.com/wagtail/wagtail,wagtail,292,5147,1135,8,162,23,74
https://github.com/wal-e/wal-e,wal-e,62,2466,248,731,12,69,59
https://github.com/wangshub/wechat_jump_game,wechat_jump_game,529,13203,4709,282,4,2,52
https://github.com/warner/magic-wormhole,magic-wormhole,173,7315,270,1,263,35,29
https://github.com/wbond/package_control,package_control,184,3661,605,954,2,42,28
https://github.com/webpy/webpy,webpy,363,4720,1170,805,8,10,44
https://github.com/what-studio/profiling,profiling,86,2650,100,418,2,4,11
https://github.com/wifiphisher/wifiphisher,wifiphisher,472,6090,1396,651,8,4,27
https://github.com/wireservice/csvkit,csvkit,119,3066,423,1,547,4,21
https://github.com/wiseodd/generative-models,generative-models,208,2756,852,103,1,0,5
https://github.com/worldveil/dejavu,dejavu,235,3602,757,106,1,0,14
https://github.com/wting/autojump,autojump,142,6389,359,820,3,52,54
https://github.com/xchaoinfo/fuck-login,fuck-login,322,3585,1609,116,2,0,16
https://github.com/xiyouMc/WebHubBot,WebHubBot,209,3350,808,86,1,0,7
https://github.com/xoreaxeaxeax/sandsifter,sandsifter,173,3351,252,1,1,0,1
https://github.com/XX-net/XX-Net,XX-Net,1713,20789,6265,1,770,2,235
https://github.com/yahoo/open_nsfw,open_nsfw,269,3916,744,9,1,0,3
https://github.com/yandex/gixy,gixy,145,5085,195,104,5,7,10
https://github.com/yeasy/docker_practice,docker_practice,509,7063,2428,845,6,11,67
https://github.com/Yelp/dumb-init,dumb-init,84,2595,146,252,1,18,14
https://github.com/Yelp/elastalert,elastalert,215,4076,824,1,544,12,111
https://github.com/yenchenlin/DeepLearningFlappyBird,DeepLearningFlappyBird,244,4015,1204,58,3,0,6
https://github.com/yhat/ggpy,ggpy,147,3221,469,256,3,0,13
https://github.com/yidao620c/python3-cookbook,python3-cookbook,333,3665,1138,816,1,5,
https://github.com/youfou/wxpy,wxpy,272,4218,839,304,3,14,4
https://github.com/ytisf/theZoo,theZoo,549,2846,861,158,3,2,11
https://github.com/yunjey/pytorch-tutorial,pytorch-tutorial,250,4551,1207,120,1,0,11
https://github.com/zalandoresearch/fashion-mnist,fashion-mnist,102,3030,370,168,1,0,4
https://github.com/zulip/zulip,zulip,283,5958,1960,24,83,1,28
https://github.com/Zulko/moviepy,moviepy,218,4539,598,623,2,5,71
https://github.com/zzzeek/sqlalchemy,sqlalchemy,147,2498,744,11,365,65,166