https://github.com/hankcs/HanLP,HanLP,0,0
https://github.com/hanks-zyh/HTextView,HTextView,0,0
https://github.com/HannahMitt/HomeMirror,HomeMirror,0,0
https://github.com/harjot-oberai/MusicDNA,MusicDNA,0,0
https://github.com/hazelcast/hazelcast,hazelcast,0,0
https://github.com/hdodenhof/CircleImageView,CircleImageView,0,0
https://github.com/hefuyicoder/ListenerMusicPlayer,ListenerMusicPlayer,0,0
https://github.com/henrytao-me/smooth-app-bar-layout,smooth-app-bar-layout,0,0
https://github.com/HeZaiJin/SlantedTextView,SlantedTextView,0,0
https://github.com/hibernate/hibernate-orm,hibernate-orm,0,0
https://github.com/hitherejoe/Android-Boilerplate,Android-Boilerplate,0,0
https://github.com/hitherejoe/animate,animate,0,0
https://github.com/hmkcode/Android,Android,0,0
https://github.com/hongyangAndroid/android-percent-support-extend,android-percent-support-extend,0,0
https://github.com/hongyangAndroid/AndroidAutoLayout,AndroidAutoLayout,0,0
https://github.com/hongyangAndroid/baseAdapter,baseAdapter,0,0
https://github.com/hongyangAndroid/FlowLayout,FlowLayout,0,0
https://github.com/hongyangAndroid/Highlight,Highlight,0,0
https://github.com/hongyangAndroid/okhttputils,okhttputils,0,0
https://github.com/HoraApps/LeafPic,LeafPic,0,0
https://github.com/HotBitmapGG/bilibili-android-client,bilibili-android-client,0,0
https://github.com/hs-web/hsweb-framework,hsweb-framework,0,0
https://github.com/http-kit/http-kit,http-kit,0,0
https://github.com/huazhiyuan2008/RecyclerViewCardGallery,RecyclerViewCardGallery,0,0
https://github.com/hugeterry/CoordinatorTabLayout,CoordinatorTabLayout,0,0
https://github.com/hussien89aa/AndroidTutorialForBeginners,AndroidTutorialForBeginners,0,0
https://github.com/iammert/MaterialIntroView,MaterialIntroView,0,0
https://github.com/iammert/ScalingLayout,ScalingLayout,0,0
https://github.com/iBotPeaches/Apktool,Apktool,0,0
https://github.com/ICT-BDA/EasyML,EasyML,0,0
https://github.com/igniterealtime/Smack,Smack,0,0
https://github.com/ikew0ng/SwipeBackLayout,SwipeBackLayout,0,0
https://github.com/iluwatar/java-design-patterns,java-design-patterns,0,0
https://github.com/immutables/immutables,immutables,0,0
https://github.com/inmite/android-selector-chapek,android-selector-chapek,0,0
https://github.com/iPaulPro/aFileChooser,aFileChooser,0,0
https://github.com/iPaulPro/Android-ItemTouchHelper-Demo,Android-ItemTouchHelper-Demo,0,0
https://github.com/iSoron/uhabits,uhabits,0,0
https://github.com/IsseiAoki/SimpleCropView,SimpleCropView,0,0
https://github.com/ityouknow/spring-boot-examples,spring-boot-examples,0,0
https://github.com/ivacf/archi,archi,0,0
https://github.com/iwgang/CountdownView,CountdownView,0,0
https://github.com/izzyleung/ZhihuDailyPurify,ZhihuDailyPurify,0,0
https://github.com/jackpal/Android-Terminal-Emulator,Android-Terminal-Emulator,0,0
https://github.com/Jacksgong/JKeyboardPanelSwitch,JKeyboardPanelSwitch,0,0
https://github.com/JackyAndroid/AndroidChromium,AndroidChromium,0,0
https://github.com/JackyAndroid/AndroidInterview-Q-A,AndroidInterview-Q-A,0,0
https://github.com/JackyAndroid/AndroidTVLauncher,AndroidTVLauncher,0,0
https://github.com/JakeWharton/ActionBarSherlock,ActionBarSherlock,0,0
https://github.com/JakeWharton/butterknife,butterknife,0,0
https://github.com/JakeWharton/DiskLruCache,DiskLruCache,0,0
https://github.com/JakeWharton/hugo,hugo,0,0
https://github.com/JakeWharton/NineOldAndroids,NineOldAndroids,0,0
https://github.com/JakeWharton/RxBinding,RxBinding,0,0
https://github.com/JakeWharton/RxRelay,RxRelay,0,0
https://github.com/JakeWharton/scalpel,scalpel,0,0
https://github.com/JakeWharton/Telecine,Telecine,0,0
https://github.com/JakeWharton/ThreeTenABP,ThreeTenABP,0,0
https://github.com/JakeWharton/timber,timber,0,0
https://github.com/JakeWharton/u2020,u2020,0,0
https://github.com/JakeWharton/ViewPagerIndicator,ViewPagerIndicator,0,0
https://github.com/janishar/mit-deep-learning-book-pdf,mit-deep-learning-book-pdf,0,0
https://github.com/jankotek/mapdb,mapdb,0,0
https://github.com/jaredrummler/AnimatedSvgView,AnimatedSvgView,0,0
https://github.com/Jasonchenlijian/FastBle,FastBle,0,0
https://github.com/jasonross/Nuwa,Nuwa,0,0
https://github.com/java-native-access/jna,jna,0,0
https://github.com/javaee-samples/javaee7-samples,javaee7-samples,0,0
https://github.com/javaparser/javaparser,javaparser,0,0
https://github.com/jaydenxiao2016/AndroidFire,AndroidFire,0,0
https://github.com/jd-alexander/LikeButton,LikeButton,0,0
https://github.com/jdamcd/android-crop,android-crop,0,0
https://github.com/jdsjlzx/LRecyclerView,LRecyclerView,0,0
https://github.com/jeasonlzy/ImagePicker,ImagePicker,0,0
https://github.com/jeasonlzy/okhttp-OkGo,okhttp-OkGo,0,0
https://github.com/JeffLi1993/springboot-learning-example,springboot-learning-example,0,0
https://github.com/jersey/jersey,jersey,0,0
https://github.com/JessYanCoding/MVPArms,MVPArms,0,0
https://github.com/JesusFreke/smali,smali,0,0
https://github.com/JetBrains/ideavim,ideavim,0,0
https://github.com/JetBrains/intellij-community,intellij-community,0,0
https://github.com/jfeinstein10/JazzyViewPager,JazzyViewPager,0,0
https://github.com/jfeinstein10/SlidingMenu,SlidingMenu,0,0
https://github.com/jfinal/jfinal,jfinal,0,0
https://github.com/jfoenixadmin/JFoenix,JFoenix,0,0
https://github.com/jgilfelt/android-sqlite-asset-helper,android-sqlite-asset-helper,0,0
https://github.com/jgilfelt/android-viewbadger,android-viewbadger,0,0
https://github.com/jgilfelt/chuck,chuck,0,0
https://github.com/jgilfelt/SystemBarTint,SystemBarTint,0,0
https://github.com/jhalterman/failsafe,failsafe,0,0
https://github.com/jhy/jsoup,jsoup,0,0
https://github.com/jiangqqlmj/FastDev4Android,FastDev4Android,0,0
https://github.com/jitsi/jitsi,jitsi,0,0
https://github.com/jjdxmashl/jjdxm_ijkplayer,jjdxm_ijkplayer,0,0
https://github.com/jMonkeyEngine/jmonkeyengine,jmonkeyengine,0,0
https://github.com/JoanZapata/android-iconify,android-iconify,0,0
https://github.com/JoanZapata/android-pdfview,android-pdfview,0,0
https://github.com/JoanZapata/base-adapter-helper,base-adapter-helper,0,0
https://github.com/JodaOrg/joda-time,joda-time,0,0
https://github.com/joelittlejohn/jsonschema2pojo,jsonschema2pojo,0,0
https://github.com/johannilsson/android-pulltorefresh,android-pulltorefresh,0,0
https://github.com/johncarl81/parceler,parceler,0,0
https://github.com/JohnPersano/SuperToasts,SuperToasts,0,0
https://github.com/jOOQ/jOOQ,jOOQ,0,0
https://github.com/JorgeCastilloPrz/AndroidFillableLoaders,AndroidFillableLoaders,0,0
https://github.com/journeyapps/zxing-android-embedded,zxing-android-embedded,0,0
https://github.com/joyoyao/superCleanMaster,superCleanMaster,0,0
https://github.com/jprante/elasticsearch-jdbc,elasticsearch-jdbc,0,0
https://github.com/jpush/aurora-imui,aurora-imui,0,0
https://github.com/json-path/JsonPath,JsonPath,0,0
https://github.com/Jude95/EasyRecyclerView,EasyRecyclerView,0,0
https://github.com/JulienGenoud/android-percent-support-lib-sample,android-percent-support-lib-sample,0,0
https://github.com/junit-team/junit4,junit4,0,0
https://github.com/junit-team/junit5,junit5,0,0
https://github.com/Justson/AgentWeb,AgentWeb,0,0
https://github.com/JustWayward/BookReader,BookReader,0,0
https://github.com/jwtk/jjwt,jjwt,0,0
https://github.com/k0shk0sh/FastHub,FastHub,0,0
https://github.com/k9mail/k-9,k-9,0,0
https://github.com/kabouzeid/Phonograph,Phonograph,0,0
https://github.com/kanytu/android-parallax-recyclerview,android-parallax-recyclerview,0,0
https://github.com/Kaopiz/android-segmented-control,android-segmented-control,0,0
https://github.com/Karumi/Dexter,Dexter,0,0
https://github.com/Karumi/Rosie,Rosie,0,0
https://github.com/kaushikgopal/RxJava-Android-Samples,RxJava-Android-Samples,0,0
https://github.com/kbastani/spring-cloud-microservice-example,spring-cloud-microservice-example,0,0
https://github.com/kdn251/interviews,interviews,0,0
https://github.com/KeepSafe/TapTargetView,TapTargetView,0,0
https://github.com/Kelin-Hong/ScrollablePanel,ScrollablePanel,0,0
https://github.com/kevin-wayne/algs4,algs4,0,0
https://github.com/kevinsawicki/http-request,http-request,0,0
https://github.com/keyboardsurfer/Crouton,Crouton,0,0
https://github.com/keycloak/keycloak,keycloak,0,0
https://github.com/kickstarter/android-oss,android-oss,0,0
https://github.com/KieronQuinn/PersistentSearch,PersistentSearch,0,0
https://github.com/kikoso/android-stackblur,android-stackblur,0,0
https://github.com/killbill/killbill,killbill,0,0
https://github.com/klinker24/Talon-for-Twitter,Talon-for-Twitter,0,0
https://github.com/knightliao/disconf,disconf,0,0
https://github.com/konifar/android-material-design-icon-generator-plugin,android-material-design-icon-generator-plugin,0,0
https://github.com/Konloch/bytecode-viewer,bytecode-viewer,0,0
https://github.com/konmik/nucleus,nucleus,0,0
https://github.com/koral--/android-gif-drawable,android-gif-drawable,0,0
https://github.com/koush/AndroidAsync,AndroidAsync,0,0
https://github.com/koush/ion,ion,0,0
https://github.com/Krupen/FabulousFilter,FabulousFilter,0,0
https://github.com/ksoichiro/Android-ObservableScrollView,Android-ObservableScrollView,0,0
https://github.com/kyleduo/SwitchButton,SwitchButton,0,0
https://github.com/kymjs/KJFrameForAndroid,KJFrameForAndroid,0,0
https://github.com/l123456789jy/Lazy,Lazy,0,0
https://github.com/LaiFeng-Android/SopCastComponent,SopCastComponent,0,0
https://github.com/languagetool-org/languagetool,languagetool,0,0
https://github.com/laobie/StatusBarUtil,StatusBarUtil,0,0
https://github.com/lapism/SearchBar-SearchView,SearchBar-SearchView,0,0
https://github.com/LawnchairLauncher/Lawnchair,Lawnchair,0,0
https://github.com/lcodecorex/TwinklingRefreshLayout,TwinklingRefreshLayout,0,0
https://github.com/ldoublem/LoadingView,LoadingView,0,0
https://github.com/lecho/hellocharts-android,hellocharts-android,0,0
https://github.com/lendylongli/qianghongbao,qianghongbao,0,0
https://github.com/leolin310148/ShortcutBadger,ShortcutBadger,0,0
https://github.com/lets-blade/blade,blade,0,0
https://github.com/lgvalle/Material-Animations,Material-Animations,0,0
https://github.com/liaohuqiu/android-Ultra-Pull-To-Refresh,android-Ultra-Pull-To-Refresh,0,0
https://github.com/libgdx/libgdx,libgdx,0,0
https://github.com/libgdx/packr,packr,0,0
https://github.com/lightbend/config,config,0,0
https://github.com/lihengming/spring-boot-api-project-seed,spring-boot-api-project-seed,0,0
https://github.com/linger1216/labelview,labelview,0,0
https://github.com/lingochamp/FileDownloader,FileDownloader,0,0
https://github.com/linkedin/databus,databus,0,0
https://github.com/linkedin/pinot,pinot,0,0
https://github.com/linkedin/rest.li,rest.li,0,0
https://github.com/lipangit/JiaoZiVideoPlayer,JiaoZiVideoPlayer,0,0
https://github.com/LitePalFramework/LitePal,LitePal,0,0
https://github.com/litesuits/android-common,android-common,0,0
https://github.com/liyifeng1994/ssm,ssm,0,0
https://github.com/LMAX-Exchange/disruptor,disruptor,0,0
https://github.com/loopj/android-async-http,android-async-http,0,0
https://github.com/lovetuzitong/MultiImageSelector,MultiImageSelector,0,0
https://github.com/lsjwzh/RecyclerViewPager,RecyclerViewPager,0,0
https://github.com/ltsopensource/light-task-scheduler,light-task-scheduler,0,0
https://github.com/lucasr/twoway-view,twoway-view,0,0
https://github.com/LuckSiege/PictureSelector,PictureSelector,0,0
https://github.com/LuckyJayce/ViewPagerIndicator,ViewPagerIndicator,0,0
https://github.com/luojilab/DDComponentForAndroid,DDComponentForAndroid,0,0
https://github.com/Luosunce/material-design-data,material-design-data,0,0
https://github.com/lyft/scissors,scissors,0,0
https://github.com/lygttpod/SuperTextView,SuperTextView,0,0
https://github.com/LyndonChin/MasteringAndroidDataBinding,MasteringAndroidDataBinding,0,0
https://github.com/lzyzsd/CircleProgress,CircleProgress,0,0
https://github.com/lzyzsd/JsBridge,JsBridge,0,0
https://github.com/M66B/XPrivacy,XPrivacy,0,0
https://github.com/MagicMashRoom/SuperCalendar,SuperCalendar,0,0
https://github.com/makovkastar/FloatingActionButton,FloatingActionButton,0,0
https://github.com/Malinskiy/SuperRecyclerView,SuperRecyclerView,0,0
https://github.com/Manabu-GT/ExpandableTextView,ExpandableTextView,0,0
https://github.com/mancj/SlideUp-Android,SlideUp-Android,0,0
https://github.com/ManuelPeinado/FadingActionBar,FadingActionBar,0,0
https://github.com/markushi/android-ui,android-ui,0,0
https://github.com/markzhai/AndroidPerformanceMonitor,AndroidPerformanceMonitor,0,0
https://github.com/Marswin/MarsDaemon,MarsDaemon,0,0
https://github.com/material-components/material-components-android,material-components-android,0,0
https://github.com/matrixxun/ProductTour,ProductTour,0,0
https://github.com/MatthiasRobbers/shortbread,shortbread,0,0
https://github.com/maurycyw/StaggeredGridView,StaggeredGridView,0,0
https://github.com/mcharmas/android-parcelable-intellij-plugin,android-parcelable-intellij-plugin,0,0
https://github.com/mcharmas/Android-ReactiveLocation,Android-ReactiveLocation,0,0
https://github.com/mcxiaoke/android-volley,android-volley,0,0
https://github.com/mcxiaoke/packer-ng-plugin,packer-ng-plugin,0,0
https://github.com/mcxtzhang/SwipeDelMenuLayout,SwipeDelMenuLayout,0,0
https://github.com/mcxtzhang/ZLayoutManager,ZLayoutManager,0,0
https://github.com/medcl/elasticsearch-analysis-ik,elasticsearch-analysis-ik,0,0
https://github.com/Meituan-Dianping/Robust,Robust,0,0
https://github.com/Meituan-Dianping/walle,walle,0,0
https://github.com/Microsoft/malmo,malmo,0,0
https://github.com/MiguelCatalan/MaterialSearchView,MaterialSearchView,0,0
https://github.com/mihaip/dex-method-counts,dex-method-counts,0,0
https://github.com/MikeOrtiz/TouchImageView,TouchImageView,0,0
https://github.com/mikepenz/AboutLibraries,AboutLibraries,0,0
https://github.com/mikepenz/Android-Iconics,Android-Iconics,0,0
https://github.com/mikepenz/FastAdapter,FastAdapter,0,0
https://github.com/mikepenz/LollipopShowcase,LollipopShowcase,0,0
https://github.com/mikepenz/MaterialDrawer,MaterialDrawer,0,0
https://github.com/MindorksOpenSource/android-interview-questions,android-interview-questions,0,0
https://github.com/MindorksOpenSource/android-mvp-architecture,android-mvp-architecture,0,0
https://github.com/MindorksOpenSource/from-java-to-kotlin,from-java-to-kotlin,0,0
https://github.com/MinecraftForge/MinecraftForge,MinecraftForge,0,0
https://github.com/mission-peace/interview,interview,0,0
https://github.com/mockito/mockito,mockito,0,0
https://github.com/moezbhatti/qksms,qksms,0,0
https://github.com/mongodb/mongo-java-driver,mongo-java-driver,0,0
https://github.com/MostafaGazar/CustomShapeImageView,CustomShapeImageView,0,0
https://github.com/motianhuo/wechat,wechat,0,0
https://github.com/MovingBlocks/Terasology,Terasology,0,0
https://github.com/mpusher/mpush,mpush,0,0
https://github.com/mrniko/netty-socketio,netty-socketio,0,0
https://github.com/mthli/Knife,Knife,0,0
https://github.com/Muddz/StyleableToast,StyleableToast,0,0
https://github.com/mxn21/FlowingDrawer,FlowingDrawer,0,0
https://github.com/mybatis/generator,generator,0,0
https://github.com/mybatis/mybatis-3,mybatis-3,0,0
https://github.com/mybatis/spring-boot-starter,spring-boot-starter,0,0
https://github.com/MyCATApache/Mycat-Server,Mycat-Server,0,0
https://github.com/mzule/ActivityRouter,ActivityRouter,0,0
https://github.com/naman14/Timber,Timber,0,0
https://github.com/nanchen2251/CompressHelper,CompressHelper,0,0
https://github.com/NanoHttpd/nanohttpd,nanohttpd,0,0
https://github.com/Naoki2015/CircleDemo,CircleDemo,0,0
https://github.com/nathanmarz/storm,storm,0,0
https://github.com/navasmdc/MaterialDesignLibrary,MaterialDesignLibrary,0,0
https://github.com/naver/pinpoint,pinpoint,0,0
https://github.com/neo4j/neo4j,neo4j,0,0
https://github.com/neokree/MaterialNavigationDrawer,MaterialNavigationDrawer,0,0
https://github.com/Netflix/archaius,archaius,0,0
https://github.com/Netflix/curator,curator,0,0
https://github.com/Netflix/eureka,eureka,0,0
https://github.com/Netflix/Hystrix,Hystrix,0,0
https://github.com/Netflix/ribbon,ribbon,0,0
https://github.com/Netflix/SimianArmy,SimianArmy,0,0
https://github.com/Netflix/zuul,zuul,0,0
https://github.com/netty/netty,netty,0,0
https://github.com/nhaarman/ListViewAnimations,ListViewAnimations,0,0
https://github.com/nickbutcher/plaid,plaid,0,0
https://github.com/nicolasgramlich/AndEngine,AndEngine,0,0
https://github.com/Nightonke/BoomMenu,BoomMenu,0,0
https://github.com/Nightonke/CoCoin,CoCoin,0,0
https://github.com/Nightonke/WoWoViewPager,WoWoViewPager,0,0
https://github.com/ninjaframework/ninja,ninja,0,0
https://github.com/niorgai/StatusBarCompat,StatusBarCompat,0,0
https://github.com/nispok/snackbar,snackbar,0,0
https://github.com/nisrulz/android-tips-tricks,android-tips-tricks,0,0
https://github.com/nisrulz/sensey,sensey,0,0
https://github.com/NLPchina/ansj_seg,ansj_seg,0,0
https://github.com/NLPchina/elasticsearch-sql,elasticsearch-sql,0,0
https://github.com/north2016/T-MVP,T-MVP,0,0
https://github.com/nostra13/Android-Universal-Image-Loader,Android-Universal-Image-Loader,0,0
https://github.com/notnoop/java-apns,java-apns,0,0
https://github.com/novoda/android-demos,android-demos,0,0
https://github.com/nutzam/nutz,nutz,0,0
https://github.com/NYTimes/Store,Store,0,0
https://github.com/oasisfeng/condom,condom,0,0
https://github.com/objectbox/objectbox-java,objectbox-java,0,0
https://github.com/oblac/jodd,jodd,0,0
https://github.com/ogaclejapan/SmartTabLayout,SmartTabLayout,0,0
https://github.com/oguzbilgener/CircularFloatingActionMenu,CircularFloatingActionMenu,0,0
https://github.com/oldmanpushcart/greys-anatomy,greys-anatomy,0,0
https://github.com/ongakuer/CircleIndicator,CircleIndicator,0,0
https://github.com/openaphid/android-flip,android-flip,0,0
https://github.com/OpenFeign/feign,feign,0,0
https://github.com/openhab/openhab1-addons,openhab1-addons,0,0
https://github.com/OpenRefine/OpenRefine,OpenRefine,0,0
https://github.com/OpenTSDB/opentsdb,opentsdb,0,0
https://github.com/openzipkin/zipkin,zipkin,0,0
https://github.com/oracle/opengrok,opengrok,0,0
https://github.com/orfjackal/retrolambda,retrolambda,0,0
https://github.com/orhanobut/dialogplus,dialogplus,0,0
https://github.com/orhanobut/hawk,hawk,0,0
https://github.com/orhanobut/logger,logger,0,0
https://github.com/orientechnologies/orientdb,orientdb,0,0
https://github.com/owncloud/android,android,0,0
https://github.com/ozodrukh/CircularReveal,CircularReveal,0,0
https://github.com/pagehelper/Mybatis-PageHelper,Mybatis-PageHelper,0,0
https://github.com/pakerfeldt/android-viewflow,android-viewflow,0,0
https://github.com/pardom/ActiveAndroid,ActiveAndroid,0,0
https://github.com/path/android-priority-jobqueue,android-priority-jobqueue,0,0
https://github.com/pbreault/adb-idea,adb-idea,0,0
https://github.com/pchmn/MaterialChipsInput,MaterialChipsInput,0,0
https://github.com/pedant/sweet-alert-dialog,sweet-alert-dialog,0,0
https://github.com/pedrovgs/Algorithms,Algorithms,0,0
https://github.com/pedrovgs/AndroidWiFiADB,AndroidWiFiADB,0,0
https://github.com/pedrovgs/DraggablePanel,DraggablePanel,0,0
https://github.com/pedrovgs/EffectiveAndroidUI,EffectiveAndroidUI,0,0
https://github.com/pengjianbo/GalleryFinal,GalleryFinal,0,0
https://github.com/permissions-dispatcher/PermissionsDispatcher,PermissionsDispatcher,0,0
https://github.com/perwendel/spark,spark,0,0
https://github.com/PhilJay/MPAndroidChart,MPAndroidChart,0,0
https://github.com/phishman3579/java-algorithms-implementation,java-algorithms-implementation,0,0
https://github.com/phonegap/phonegap-plugin-push,phonegap-plugin-push,0,0
https://github.com/Piasy/BigImageViewer,BigImageViewer,0,0
https://github.com/pilgr/Paper,Paper,0,0
https://github.com/pili-engineering/PLDroidPlayer,PLDroidPlayer,0,0
https://github.com/pnikosis/materialish-progress,materialish-progress,0,0
https://github.com/pockethub/PocketHub,PocketHub,0,0
https://github.com/PomepuyN/BlurEffectForAndroidDesign,BlurEffectForAndroidDesign,0,0
https://github.com/powermock/powermock,powermock,0,0
https://github.com/pqpo/SmartCropper,SmartCropper,0,0
https://github.com/prestodb/presto,presto,0,0
https://github.com/processing/processing,processing,0,0
https://github.com/prolificinteractive/material-calendarview,material-calendarview,0,0
https://github.com/Prototik/HoloEverywhere,HoloEverywhere,0,0
https://github.com/psaravan/JamsMusicPlayer,JamsMusicPlayer,0,0
https://github.com/puniverse/quasar,quasar,0,0
https://github.com/pushtorefresh/storio,storio,0,0
https://github.com/pwittchen/ReactiveNetwork,ReactiveNetwork,0,0
https://github.com/pwnall/chromeview,chromeview,0,0
https://github.com/pxb1988/dex2jar,dex2jar,0,0
https://github.com/Qihoo360/RePlugin,RePlugin,0,0
https://github.com/qii/weiciyuan,weiciyuan,0,0
https://github.com/qiujuer/Genius-Android,Genius-Android,0,0
https://github.com/QMUI/QMUI_Android,QMUI_Android,0,0
https://github.com/qs-lll/ExpandingPager,ExpandingPager,0,0
https://github.com/qstumn/BadgeView,BadgeView,0,0
https://github.com/querydsl/querydsl,querydsl,0,0
https://github.com/r0adkll/Slidr,Slidr,0,0
https://github.com/rabbitmq/rabbitmq-tutorials,rabbitmq-tutorials,0,0
https://github.com/race604/FlyRefresh,FlyRefresh,0,0
https://github.com/ragunathjawahar/android-saripaar,android-saripaar,0,0
https://github.com/Raizlabs/DBFlow,DBFlow,0,0
https://github.com/Rajawali/Rajawali,Rajawali,0,0
https://github.com/rallat/EffectiveAndroid,EffectiveAndroid,0,0
https://github.com/Ramotion/folding-cell-android,folding-cell-android,0,0
https://github.com/Ramotion/paper-onboarding-android,paper-onboarding-android,0,0
https://github.com/raphw/byte-buddy,byte-buddy,0,0
https://github.com/ratpack/ratpack,ratpack,0,0
https://github.com/react-community/react-native-image-picker,react-native-image-picker,0,0
https://github.com/react-native-community/react-native-blur,react-native-blur,0,0
https://github.com/react-native-community/react-native-camera,react-native-camera,0,0
https://github.com/react-native-community/react-native-linear-gradient,react-native-linear-gradient,0,0
https://github.com/react-native-community/react-native-svg,react-native-svg,0,0
https://github.com/react-native-community/react-native-video,react-native-video,0,0
https://github.com/reactive-streams/reactive-streams-jvm,reactive-streams-jvm,0,0
https://github.com/ReactiveX/RxAndroid,RxAndroid,0,0
https://github.com/ReactiveX/RxJava,RxJava,0,0
https://github.com/real-logic/aeron,aeron,0,0
https://github.com/realm/realm-java,realm-java,0,0
https://github.com/reark/reark,reark,0,0
https://github.com/recruit-lifestyle/WaveSwipeRefreshLayout,WaveSwipeRefreshLayout,0,0
https://github.com/Red5/red5-server,red5-server,0,0
https://github.com/redisson/redisson,redisson,0,0
https://github.com/redsolution/xabber-android,xabber-android,0,0
https://github.com/rengwuxian/MaterialEditText,MaterialEditText,0,0
https://github.com/rengwuxian/RxJavaSamples,RxJavaSamples,0,0
https://github.com/requery/requery,requery,0,0
https://github.com/rest-assured/rest-assured,rest-assured,0,0
https://github.com/rey5137/material,material,0,0
https://github.com/rmtheis/android-ocr,android-ocr,0,0
https://github.com/robinhood/ticker,ticker,0,0
https://github.com/roboguice/roboguice,roboguice,0,0
https://github.com/robolectric/robolectric,robolectric,0,0
https://github.com/RobotiumTech/robotium,robotium,0,0
https://github.com/robovm/robovm,robovm,0,0
https://github.com/rockerhieu/emojicon,emojicon,0,0
https://github.com/romainguy/ViewServer,ViewServer,0,0
https://github.com/RomainPiel/Shimmer-android,Shimmer-android,0,0
https://github.com/RomainPiel/Titanic,Titanic,0,0
https://github.com/romandanylyk/PageIndicatorView,PageIndicatorView,0,0
https://github.com/romannurik/muzei,muzei,0,0
https://github.com/ronmamo/reflections,reflections,0,0
https://github.com/roughike/BottomBar,BottomBar,0,0
https://github.com/rovo89/XposedInstaller,XposedInstaller,0,0
https://github.com/rstudio/rstudio,rstudio,0,0
https://github.com/rubensousa/PreviewSeekBar,PreviewSeekBar,0,0
https://github.com/rubensousa/RecyclerViewSnap,RecyclerViewSnap,0,0
https://github.com/rubensousa/ViewPagerCards,ViewPagerCards,0,0
https://github.com/Rukey7/MvpApp,MvpApp,0,0
https://github.com/ryanhoo/StylishMusicPlayer,StylishMusicPlayer,0,0
https://github.com/rzwitserloot/lombok,lombok,0,0
https://github.com/saiwu-bigkoo/Android-ConvenientBanner,Android-ConvenientBanner,0,0
https://github.com/saulmm/Android-Material-Examples,Android-Material-Examples,0,0
https://github.com/saulmm/CoordinatorBehaviorExample,CoordinatorBehaviorExample,0,0
https://github.com/saulmm/Material-Movies,Material-Movies,0,0
https://github.com/Screetsec/TheFatRat,TheFatRat,0,0
https://github.com/scribejava/scribejava,scribejava,0,0
https://github.com/scwang90/SmartRefreshLayout,SmartRefreshLayout,0,0
https://github.com/sd6352051/NiftyDialogEffects,NiftyDialogEffects,0,0
https://github.com/seiginonakama/BlockCanaryEx,BlockCanaryEx,0,0
https://github.com/SeleniumHQ/selenium,selenium,0,0
https://github.com/sephiroth74/ImageViewZoom,ImageViewZoom,0,0
https://github.com/seven332/EhViewer,EhViewer,0,0
https://github.com/sfsheng0322/MarqueeView,MarqueeView,0,0
https://github.com/sfsheng0322/StickyHeaderListView,StickyHeaderListView,0,0
https://github.com/shardingjdbc/sharding-jdbc,sharding-jdbc,0,0
https://github.com/sharish/ShimmerRecyclerView,ShimmerRecyclerView,0,0
https://github.com/shekhargulati/99-problems,99-problems,0,0
https://github.com/sherxon/AlgoDS,AlgoDS,0,0
https://github.com/shuzheng/zheng,zheng,0,0
https://github.com/shwenzhang/AndResGuard,AndResGuard,0,0
https://github.com/siacs/Conversations,Conversations,0,0
https://github.com/signalapp/Signal-Android,Signal-Android,0,0
https://github.com/SimonVT/android-menudrawer,android-menudrawer,0,0
https://github.com/simple-android-framework/android_design_patterns_analysis,android_design_patterns_analysis,0,0
https://github.com/singwhatiwanna/dynamic-load-apk,dynamic-load-apk,0,0
https://github.com/siyamed/android-shape-imageview,android-shape-imageview,0,0
https://github.com/skavanagh/KeyBox,KeyBox,0,0
https://github.com/skyfishjy/android-ripple-background,android-ripple-background,0,0
https://github.com/Skykai521/ECTranslation,ECTranslation,0,0
https://github.com/Skykai521/StickerCamera,StickerCamera,0,0
https://github.com/skylot/jadx,jadx,0,0
https://github.com/soarcn/BottomSheet,BottomSheet,0,0
https://github.com/sockeqwe/AdapterDelegates,AdapterDelegates,0,0
https://github.com/sockeqwe/mosby,mosby,0,0
https://github.com/socketio/socket.io-client-java,socket.io-client-java,0,0
https://github.com/sohutv/cachecloud,cachecloud,0,0
https://github.com/SonarSource/sonarqube,sonarqube,0,0
https://github.com/sparklemotion/nokogiri,nokogiri,0,0
https://github.com/SpecialCyCi/AndroidResideMenu,AndroidResideMenu,0,0
https://github.com/spockframework/spock,spock,0,0
https://github.com/spotify/helios,helios,0,0
https://github.com/spring-cloud/spring-cloud-netflix,spring-cloud-netflix,0,0
https://github.com/spring-projects/spring-boot,spring-boot,0,0
https://github.com/spring-projects/spring-data-examples,spring-data-examples,0,0
https://github.com/spring-projects/spring-framework,spring-framework,0,0
https://github.com/spring-projects/spring-loaded,spring-loaded,0,0
https://github.com/spring-projects/spring-mvc-showcase,spring-mvc-showcase,0,0
https://github.com/spring-projects/spring-petclinic,spring-petclinic,0,0
https://github.com/spring-projects/spring-security,spring-security,0,0
https://github.com/spring-projects/spring-security-oauth,spring-security-oauth,0,0
https://github.com/springside/springside4,springside4,0,0
https://github.com/sqshq/PiggyMetrics,PiggyMetrics,0,0
https://github.com/square/android-times-square,android-times-square,0,0
https://github.com/square/assertj-android,assertj-android,0,0
https://github.com/square/dagger,dagger,0,0
https://github.com/square/flow,flow,0,0
https://github.com/square/javapoet,javapoet,0,0
https://github.com/square/keywhiz,keywhiz,0,0
https://github.com/square/leakcanary,leakcanary,0,0
https://github.com/square/mortar,mortar,0,0
https://github.com/square/moshi,moshi,0,0
https://github.com/square/okhttp,okhttp,0,0
https://github.com/square/okio,okio,0,0
https://github.com/square/otto,otto,0,0
https://github.com/square/picasso,picasso,0,0
https://github.com/square/retrofit,retrofit,0,0
https://github.com/square/sqlbrite,sqlbrite,0,0
https://github.com/square/tape,tape,0,0
https://github.com/square/wire,wire,0,0
https://github.com/stanfordnlp/CoreNLP,CoreNLP,0,0
https://github.com/steelkiwi/cropiwa,cropiwa,0,0
https://github.com/stephanenicolas/robospice,robospice,0,0
https://github.com/stfalcon-studio/ChatKit,ChatKit,0,0
https://github.com/stleary/JSON-java,JSON-java,0,0
https://github.com/stormzhang/9GAG,9GAG,0,0
https://github.com/Sunzxyong/Tiny,Tiny,0,0
https://github.com/swagger-api/swagger-core,swagger-core,0,0
https://github.com/TangoAgency/material-intro-screen,material-intro-screen,0,0
https://github.com/tangqi92/Android-Tips,Android-Tips,0,0
https://github.com/Tapadoo/Alerter,Alerter,0,0
https://github.com/tbruyelle/RxPermissions,RxPermissions,0,0
https://github.com/TeamAmaze/AmazeFileManager,AmazeFileManager,0,0
https://github.com/TeamNewPipe/NewPipe,NewPipe,0,0
https://github.com/Teevity/ice,ice,0,0
https://github.com/Tencent/angel,angel,0,0
https://github.com/Tencent/GT,GT,0,0
https://github.com/Tencent/MSEC,MSEC,0,0
https://github.com/Tencent/tinker,tinker,0,0
https://github.com/Tencent/VasSonic,VasSonic,0,0
https://github.com/termux/termux-app,termux-app,0,0
https://github.com/TheAlgorithms/Java,Java,0,0
https://github.com/theDazzler/droidicon,droidicon,0,0
https://github.com/TheFinestArtist/FinestWebView-Android,FinestWebView-Android,0,0
https://github.com/thinkaurelius/titan,titan,0,0
https://github.com/tiann/understand-plugin-framework,understand-plugin-framework,0,0
https://github.com/Tibolte/ElasticDownload,ElasticDownload,0,0
https://github.com/timehop/sticky-headers-recyclerview,sticky-headers-recyclerview,0,0
https://github.com/timmolter/XChange,XChange,0,0
https://github.com/timusus/Shuttle,Shuttle,0,0
https://github.com/tinkerpop/gremlin,gremlin,0,0
https://github.com/tjerkw/Android-SlideExpandableListView,Android-SlideExpandableListView,0,0
https://github.com/Todd-Davies/ProgressWheel,ProgressWheel,0,0
https://github.com/TommyLemon/Android-ZBLibrary,Android-ZBLibrary,0,0
https://github.com/TooTallNate/Java-WebSocket,Java-WebSocket,0,0
https://github.com/torodb/stampede,stampede,0,0
https://github.com/ToxicBakery/ViewPagerTransforms,ViewPagerTransforms,0,0
https://github.com/traex/RippleEffect,RippleEffect,0,0
https://github.com/trello/RxLifecycle,RxLifecycle,0,0
https://github.com/Trinea/android-auto-scroll-view-pager,android-auto-scroll-view-pager,0,0
https://github.com/Trinea/android-common,android-common,0,0
https://github.com/tuesda/CircleRefreshLayout,CircleRefreshLayout,0,0
https://github.com/tumblr/Backboard,Backboard,0,0
https://github.com/tvbarthel/BlurDialogFragment,BlurDialogFragment,0,0
https://github.com/twitter/distributedlog,distributedlog,0,0
https://github.com/twitter/heron,heron,0,0
https://github.com/twosigma/beakerx,beakerx,0,0
https://github.com/tyrantgit/ExplosionField,ExplosionField,0,0
https://github.com/tyzlmjj/PagerBottomTabStrip,PagerBottomTabStrip,0,0
https://github.com/uber/NullAway,NullAway,0,0
https://github.com/uber/RIBs,RIBs,0,0
https://github.com/udacity/Sunshine-Version-2,Sunshine-Version-2,0,0
https://github.com/umano/AndroidSlidingUpPanel,AndroidSlidingUpPanel,0,0
https://github.com/undertow-io/undertow,undertow,0,0
https://github.com/vavr-io/vavr,vavr,0,0
https://github.com/Vedenin/useful-java-links,useful-java-links,0,0
https://github.com/VerbalExpressions/JavaVerbalExpressions,JavaVerbalExpressions,0,0
https://github.com/vespa-engine/vespa,vespa,0,0
https://github.com/VictorAlbertos/RxCache,RxCache,0,0
https://github.com/videlalvaro/gifsockets,gifsockets,0,0
https://github.com/vikramkakkar/SublimePicker,SublimePicker,0,0
https://github.com/vinc3m1/RoundedImageView,RoundedImageView,0,0
https://github.com/vipulasri/Timeline-View,Timeline-View,0,0
https://github.com/voldemort/voldemort,voldemort,0,0
https://github.com/vondear/RxTools,RxTools,0,0
https://github.com/w446108264/XhsEmoticonsKeyboard,XhsEmoticonsKeyboard,0,0
https://github.com/wangdan/AisenWeiBo,AisenWeiBo,0,0
https://github.com/wasabeef/Blurry,Blurry,0,0
https://github.com/wasabeef/glide-transformations,glide-transformations,0,0
https://github.com/wasabeef/recyclerview-animators,recyclerview-animators,0,0
https://github.com/wasabeef/richeditor-android,richeditor-android,0,0
https://github.com/watabou/pixel-dungeon,pixel-dungeon,0,0
https://github.com/wdullaer/MaterialDateTimePicker,MaterialDateTimePicker,0,0
https://github.com/weibocom/motan,motan,0,0
https://github.com/wenmingvs/AndroidProcess,AndroidProcess,0,0
https://github.com/wequick/Small,Small,0,0
https://github.com/white-cat/ThinkAndroid,ThinkAndroid,0,0
https://github.com/wildfly/wildfly,wildfly,0,0
https://github.com/willowtreeapps/spruce-android,spruce-android,0,0
https://github.com/wingjay/jianshi,jianshi,0,0
https://github.com/winterbe/java8-tutorial,java8-tutorial,0,0
https://github.com/wireapp/wire-android,wire-android,0,0
https://github.com/wix/react-native-navigation,react-native-navigation,0,0
https://github.com/Wizcorp/phonegap-facebook-plugin,phonegap-facebook-plugin,0,0
https://github.com/wonderkiln/BlurKit-Android,BlurKit-Android,0,0
https://github.com/wordpress-mobile/WordPress-Android,WordPress-Android,0,0
https://github.com/worker8/TourGuide,TourGuide,0,0
https://github.com/woxingxiao/BubbleSeekBar,BubbleSeekBar,0,0
https://github.com/WritingMinds/ffmpeg-android-java,ffmpeg-android-java,0,0
https://github.com/wuhaoyu1990/MagicCamera,MagicCamera,0,0
https://github.com/wyouflf/xUtils,xUtils,0,0
https://github.com/wyouflf/xUtils3,xUtils3,0,0
https://github.com/xcc3641/SeeWeather,SeeWeather,0,0
https://github.com/xcltapestry/XCL-Charts,XCL-Charts,0,0
https://github.com/xetorthio/jedis,jedis,0,0
https://github.com/xfumihiro/ViewInspector,ViewInspector,0,0
https://github.com/ximsfei/Android-skin-support,Android-skin-support,0,0
https://github.com/xinghongfei/LookLook,LookLook,0,0
https://github.com/xmuSistone/AndroidPileLayout,AndroidPileLayout,0,0
https://github.com/xmuSistone/CardSlidePanel,CardSlidePanel,0,0
https://github.com/xmuSistone/ViewpagerTransition,ViewpagerTransition,0,0
https://github.com/XRecyclerView/XRecyclerView,XRecyclerView,0,0
https://github.com/XunMengWinter/CircularAnim,CircularAnim,0,0
https://github.com/xuxueli/xxl-job,xxl-job,0,0
https://github.com/yadav-rahul/TastyToast,TastyToast,0,0
https://github.com/yahoo/anthelion,anthelion,0,0
https://github.com/Yalantis/Context-Menu.Android,Context-Menu.Android,0,0
https://github.com/Yalantis/Euclid,Euclid,0,0
https://github.com/Yalantis/FlipViewPager.Draco,FlipViewPager.Draco,0,0
https://github.com/Yalantis/GuillotineMenu-Android,GuillotineMenu-Android,0,0
https://github.com/Yalantis/Horizon,Horizon,0,0
https://github.com/Yalantis/Phoenix,Phoenix,0,0
https://github.com/Yalantis/Side-Menu.Android,Side-Menu.Android,0,0
https://github.com/Yalantis/StarWars.Android,StarWars.Android,0,0
https://github.com/Yalantis/Taurus,Taurus,0,0
https://github.com/Yalantis/uCrop,uCrop,0,0
https://github.com/yangfuhai/afinal,afinal,0,0
https://github.com/yangfuhai/ASimpleCache,ASimpleCache,0,0
https://github.com/yanzhenjie/AndPermission,AndPermission,0,0
https://github.com/yanzhenjie/NoHttp,NoHttp,0,0
https://github.com/yanzhenjie/SwipeRecyclerView,SwipeRecyclerView,0,0
https://github.com/yarolegovich/DiscreteScrollView,DiscreteScrollView,0,0
https://github.com/yarolegovich/SlidingRootNav,SlidingRootNav,0,0
https://github.com/yasserg/crawler4j,crawler4j,0,0
https://github.com/ybq/Android-SpinKit,Android-SpinKit,0,0
https://github.com/yigit/android-priority-jobqueue,android-priority-jobqueue,0,0
https://github.com/yingLanNull/ShadowImageView,ShadowImageView,0,0
https://github.com/yipianfengye/android-adDialog,android-adDialog,0,0
https://github.com/yipianfengye/android-zxingLibrary,android-zxingLibrary,0,0
https://github.com/yixia/VitamioBundle,VitamioBundle,0,0
https://github.com/YoKeyword/Fragmentation,Fragmentation,0,0
https://github.com/youlookwhat/CloudReader,CloudReader,0,0
https://github.com/youth5201314/banner,banner,0,0
https://github.com/youtube/api-samples,api-samples,0,0
https://github.com/yqritc/RecyclerView-FlexibleDivider,RecyclerView-FlexibleDivider,0,0
https://github.com/yui/yuicompressor,yuicompressor,0,0
https://github.com/yusugomori/DeepLearning,DeepLearning,0,0
https://github.com/yusuke/twitter4j,twitter4j,0,0
https://github.com/zagum/Android-SwitchIcon,Android-SwitchIcon,0,0
https://github.com/zaproxy/zaproxy,zaproxy,0,0
https://github.com/zcweng/ToggleButton,ToggleButton,0,0
https://github.com/zetbaitsu/Compressor,Compressor,0,0
https://github.com/zhanglei-workspace/shopping-management-system,shopping-management-system,0,0
https://github.com/zhihu/Matisse,Matisse,0,0
https://github.com/zhouchaoyuan/excelPanel,excelPanel,0,0
https://github.com/ZieIony/Carbon,Carbon,0,0
https://github.com/zjw-swun/AppMethodOrder,AppMethodOrder,0,0
https://github.com/zo0r/react-native-push-notification,react-native-push-notification,0,0
https://github.com/Zomato/AndroidPhotoFilters,AndroidPhotoFilters,0,0
https://github.com/zouzg/mybatis-generator-gui,mybatis-generator-gui,0,0
https://github.com/zxing/zxing,zxing,0,0
https://github.com/zzhoujay/RichText,RichText,0,0
https://github.com/zzz40500/AndroidSweetSheet,AndroidSweetSheet,0,0
https://github.com/zzz40500/GsonFormat,GsonFormat,0,0
